drug_id,drug_name,expert,score,confidence,flags,notes
NRTI_001,Zidovudine (AZT),BindingAffinity,0.95,1.0,none,pAct=7.4 (good) | FDA/EMA approved → +0.10 boost | PubChem bioassay active → +0.05 | 3+ data sources → +0.05 consensus bonus
NRTI_001,Zidovudine (AZT),Toxicity,0.6,0.3,high_MW_tox_risk | nitro_azide_alert,MW=636 > 500 → +0.15 tox risk | Nitro/azide alert → +0.20 mutagenicity risk | HBD=9 > 5 → +0.05 permeability risk
NRTI_001,Zidovudine (AZT),DrugLikeness,0.5525,0.85,lipinski_2_violations | veber_violation | ghose_violation,3 rule violations | MW=636 > 500 | HBD=9 > 5
NRTI_001,Zidovudine (AZT),ResistanceMutation,0.32,0.7,high_resistance_risk | high_mutation_prevalence,"3 high-level resistance mutations: M184V, K103N, Y181C | 2 intermediate resistance: K65R, L100I | High avg mutation prevalence: 25%"
NRTI_002,Lamivudine (3TC),BindingAffinity,0.95,1.0,none,pAct=7.2 (good) | FDA/EMA approved → +0.10 boost | PubChem bioassay active → +0.05 | 3+ data sources → +0.05 consensus bonus
NRTI_002,Lamivudine (3TC),Toxicity,0.8,0.6,high_MW_tox_risk,MW=636 > 500 → +0.15 tox risk | HBD=7 > 5 → +0.05 permeability risk
NRTI_002,Lamivudine (3TC),DrugLikeness,0.5525,0.85,lipinski_2_violations | veber_violation | ghose_violation,3 rule violations | MW=636 > 500 | HBD=7 > 5
NRTI_002,Lamivudine (3TC),ResistanceMutation,0.22,0.7,high_resistance_risk | drug_in_resistance_db | high_mutation_prevalence,"3 high-level resistance mutations: M184V, K103N, Y181C | 2 intermediate resistance: K65R, L100I | This drug directly cited in resistance profiles | High avg mutation prevalence: 25%"
NRTI_003,Tenofovir Disoproxil,BindingAffinity,0.95,1.0,none,pAct=7.8 (good) | FDA/EMA approved → +0.10 boost | PubChem bioassay active → +0.05 | 3+ data sources → +0.05 consensus bonus
NRTI_003,Tenofovir Disoproxil,Toxicity,0.8,0.6,high_MW_tox_risk,MW=684 > 500 → +0.15 tox risk | HBD=12 > 5 → +0.05 permeability risk
NRTI_003,Tenofovir Disoproxil,DrugLikeness,0.465,0.85,lipinski_3_violations | veber_violation | ghose_violation,3 rule violations | MW=684 > 500 | HBD=12 > 5 | HBA=12 > 10
NRTI_003,Tenofovir Disoproxil,ResistanceMutation,0.22,0.7,high_resistance_risk | drug_in_resistance_db | high_mutation_prevalence,"3 high-level resistance mutations: M184V, K103N, Y181C | 2 intermediate resistance: K65R, L100I | This drug directly cited in resistance profiles | High avg mutation prevalence: 25%"
NRTI_004,Emtricitabine (FTC),BindingAffinity,0.95,1.0,none,pAct=7.3 (good) | FDA/EMA approved → +0.10 boost | PubChem bioassay active → +0.05 | 3+ data sources → +0.05 consensus bonus
NRTI_004,Emtricitabine (FTC),Toxicity,0.8,0.6,high_MW_tox_risk,MW=636 > 500 → +0.15 tox risk | HBD=7 > 5 → +0.05 permeability risk
NRTI_004,Emtricitabine (FTC),DrugLikeness,0.5525,0.85,lipinski_2_violations | veber_violation | ghose_violation,3 rule violations | MW=636 > 500 | HBD=7 > 5
NRTI_004,Emtricitabine (FTC),ResistanceMutation,0.22,0.7,high_resistance_risk | drug_in_resistance_db | high_mutation_prevalence,"3 high-level resistance mutations: M184V, K103N, Y181C | 2 intermediate resistance: K65R, L100I | This drug directly cited in resistance profiles | High avg mutation prevalence: 25%"
NNRTI_001,Efavirenz,BindingAffinity,1.0,1.0,none,pAct=8.1 (excellent) | FDA/EMA approved → +0.10 boost | PubChem bioassay active → +0.05 | 3+ data sources → +0.05 consensus bonus
NNRTI_001,Efavirenz,Toxicity,0.8,0.6,high_MW_tox_risk,MW=636 > 500 → +0.15 tox risk | logP=3.6 > 3.5 → +0.05
NNRTI_001,Efavirenz,DrugLikeness,0.8525,0.85,ghose_violation,1 rule violations | MW=636 > 500
NNRTI_001,Efavirenz,ResistanceMutation,0.22,0.7,high_resistance_risk | drug_in_resistance_db | high_mutation_prevalence,"3 high-level resistance mutations: M184V, K103N, Y181C | 2 intermediate resistance: K65R, L100I | This drug directly cited in resistance profiles | High avg mutation prevalence: 25%"
NNRTI_002,Nevirapine,BindingAffinity,0.95,1.0,none,pAct=7.9 (good) | FDA/EMA approved → +0.10 boost | PubChem bioassay active → +0.05 | 3+ data sources → +0.05 consensus bonus
NNRTI_002,Nevirapine,Toxicity,0.8,0.6,high_MW_tox_risk,MW=708 > 500 → +0.15 tox risk | HBD=8 > 5 → +0.05 permeability risk
NNRTI_002,Nevirapine,DrugLikeness,0.5525,0.85,lipinski_2_violations | veber_violation | ghose_violation,3 rule violations | MW=708 > 500 | HBD=8 > 5
NNRTI_002,Nevirapine,ResistanceMutation,0.22,0.7,high_resistance_risk | drug_in_resistance_db | high_mutation_prevalence,"3 high-level resistance mutations: M184V, K103N, Y181C | 2 intermediate resistance: K65R, L100I | This drug directly cited in resistance profiles | High avg mutation prevalence: 25%"
NNRTI_003,Etravirine,BindingAffinity,1.0,1.0,none,pAct=8.4 (excellent) | FDA/EMA approved → +0.10 boost | PubChem bioassay active → +0.05 | 3+ data sources → +0.05 consensus bonus
NNRTI_003,Etravirine,Toxicity,0.85,0.7,high_MW_tox_risk,MW=780 > 500 → +0.15 tox risk
NNRTI_003,Etravirine,DrugLikeness,0.7275,0.85,veber_violation | ghose_violation,2 rule violations | MW=780 > 500
NNRTI_003,Etravirine,ResistanceMutation,0.22,0.7,high_resistance_risk | drug_in_resistance_db | high_mutation_prevalence,"3 high-level resistance mutations: M184V, K103N, Y181C | 2 intermediate resistance: K65R, L100I | This drug directly cited in resistance profiles | High avg mutation prevalence: 25%"
PI_001,Ritonavir,BindingAffinity,1.0,1.0,none,pAct=8.9 (excellent) | FDA/EMA approved → +0.10 boost | PubChem bioassay active → +0.05 | 3+ data sources → +0.05 consensus bonus
PI_001,Ritonavir,Toxicity,0.8,0.6,high_MW_tox_risk,MW=876 > 500 → +0.15 tox risk | HBD=9 > 5 → +0.05 permeability risk
PI_001,Ritonavir,DrugLikeness,0.5525,0.85,lipinski_2_violations | veber_violation | ghose_violation,3 rule violations | MW=876 > 500 | HBD=9 > 5
PI_001,Ritonavir,ResistanceMutation,0.3,0.7,high_resistance_risk | drug_in_resistance_db,"3 high-level resistance mutations: D30N, I50L, L90M | 2 intermediate resistance: V82A, I54V | This drug directly cited in resistance profiles"
PI_002,Darunavir,BindingAffinity,1.0,1.0,none,pAct=9.1 (excellent) | FDA/EMA approved → +0.10 boost | PubChem bioassay active → +0.05 | 3+ data sources → +0.05 consensus bonus
PI_002,Darunavir,Toxicity,0.8,0.6,high_MW_tox_risk,MW=820 > 500 → +0.15 tox risk | HBD=9 > 5 → +0.05 permeability risk
PI_002,Darunavir,DrugLikeness,0.5525,0.85,lipinski_2_violations | veber_violation | ghose_violation,3 rule violations | MW=820 > 500 | HBD=9 > 5
PI_002,Darunavir,ResistanceMutation,0.3,0.7,high_resistance_risk | drug_in_resistance_db,"3 high-level resistance mutations: D30N, I50L, L90M | 2 intermediate resistance: V82A, I54V | This drug directly cited in resistance profiles"
PI_003,Lopinavir,BindingAffinity,1.0,1.0,none,pAct=8.7 (excellent) | FDA/EMA approved → +0.10 boost | PubChem bioassay active → +0.05 | 3+ data sources → +0.05 consensus bonus
PI_003,Lopinavir,Toxicity,0.8,0.6,high_MW_tox_risk,MW=988 > 500 → +0.15 tox risk | HBD=11 > 5 → +0.05 permeability risk
PI_003,Lopinavir,DrugLikeness,0.465,0.85,lipinski_3_violations | veber_violation | ghose_violation,3 rule violations | MW=988 > 500 | HBD=11 > 5 | HBA=11 > 10
PI_003,Lopinavir,ResistanceMutation,0.4,0.7,high_resistance_risk,"3 high-level resistance mutations: D30N, I50L, L90M | 2 intermediate resistance: V82A, I54V"
INSTI_001,Raltegravir,BindingAffinity,1.0,1.0,none,pAct=8.2 (excellent) | FDA/EMA approved → +0.10 boost | PubChem bioassay active → +0.05 | 3+ data sources → +0.05 consensus bonus
INSTI_001,Raltegravir,Toxicity,0.8,0.6,high_MW_tox_risk,MW=868 > 500 → +0.15 tox risk | HBD=11 > 5 → +0.05 permeability risk
INSTI_001,Raltegravir,DrugLikeness,0.465,0.85,lipinski_3_violations | veber_violation | ghose_violation,3 rule violations | MW=868 > 500 | HBD=11 > 5 | HBA=11 > 10
INSTI_001,Raltegravir,ResistanceMutation,0.52,0.7,high_resistance_risk | drug_in_resistance_db,"2 high-level resistance mutations: N155H, Q148H | 1 intermediate resistance: G140S | This drug directly cited in resistance profiles"
INSTI_002,Dolutegravir,BindingAffinity,1.0,1.0,none,pAct=8.6 (excellent) | FDA/EMA approved → +0.10 boost | PubChem bioassay active → +0.05 | 3+ data sources → +0.05 consensus bonus
INSTI_002,Dolutegravir,Toxicity,0.85,0.7,high_MW_tox_risk,MW=732 > 500 → +0.15 tox risk
INSTI_002,Dolutegravir,DrugLikeness,0.7275,0.85,veber_violation | ghose_violation,2 rule violations | MW=732 > 500
INSTI_002,Dolutegravir,ResistanceMutation,0.52,0.7,high_resistance_risk | drug_in_resistance_db,"2 high-level resistance mutations: N155H, Q148H | 1 intermediate resistance: G140S | This drug directly cited in resistance profiles"
INSTI_003,Bictegravir,BindingAffinity,1.0,1.0,none,pAct=8.8 (excellent) | FDA/EMA approved → +0.10 boost | PubChem bioassay active → +0.05 | 3+ data sources → +0.05 consensus bonus
INSTI_003,Bictegravir,Toxicity,0.85,0.7,high_MW_tox_risk,MW=724 > 500 → +0.15 tox risk
INSTI_003,Bictegravir,DrugLikeness,0.7275,0.85,veber_violation | ghose_violation,2 rule violations | MW=724 > 500
INSTI_003,Bictegravir,ResistanceMutation,0.62,0.7,high_resistance_risk,"2 high-level resistance mutations: N155H, Q148H | 1 intermediate resistance: G140S"
ENTRY_001,Maraviroc,BindingAffinity,0.95,1.0,none,pAct=7.8 (good) | FDA/EMA approved → +0.10 boost | PubChem bioassay active → +0.05 | 3+ data sources → +0.05 consensus bonus
ENTRY_001,Maraviroc,Toxicity,0.8,0.6,high_MW_tox_risk,MW=756 > 500 → +0.15 tox risk | HBD=6 > 5 → +0.05 permeability risk
ENTRY_001,Maraviroc,DrugLikeness,0.5525,0.85,lipinski_2_violations | veber_violation | ghose_violation,3 rule violations | MW=756 > 500 | HBD=6 > 5
ENTRY_001,Maraviroc,ResistanceMutation,1.0,0.7,no_known_resistance,Novel target — no resistance mutations documented | Resistance profile unknown (watchlist for surveillance)
CA_001,Lenacapavir,BindingAffinity,1.0,1.0,none,pAct=9.3 (excellent) | FDA/EMA approved → +0.10 boost | PubChem bioassay active → +0.05 | 3+ data sources → +0.05 consensus bonus
CA_001,Lenacapavir,Toxicity,0.75,0.5,high_MW_tox_risk,MW=820 > 500 → +0.15 tox risk | logP=4.1 > 3.5 → +0.05 | HBD=6 > 5 → +0.05 permeability risk
CA_001,Lenacapavir,DrugLikeness,0.5525,0.85,lipinski_2_violations | veber_violation | ghose_violation,3 rule violations | MW=820 > 500 | HBD=6 > 5
CA_001,Lenacapavir,ResistanceMutation,1.0,0.7,no_known_resistance,Novel target — no resistance mutations documented | Resistance profile unknown (watchlist for surveillance)
INVEST_001,Islatravir (MK-8591),BindingAffinity,1.0,1.0,none,pAct=9.5 (excellent) | Investigational (no regulatory boost) | PubChem bioassay active → +0.05 | 3+ data sources → +0.05 consensus bonus
INVEST_001,Islatravir (MK-8591),Toxicity,0.8,0.6,high_MW_tox_risk,MW=588 > 500 → +0.15 tox risk | HBD=8 > 5 → +0.05 permeability risk
INVEST_001,Islatravir (MK-8591),DrugLikeness,0.5525,0.85,lipinski_2_violations | veber_violation | ghose_violation,3 rule violations | MW=588 > 500 | HBD=8 > 5
INVEST_001,Islatravir (MK-8591),ResistanceMutation,1.0,0.7,no_known_resistance,Novel target — no resistance mutations documented | Resistance profile unknown (watchlist for surveillance)
INVEST_002,GS-6207 (Capsid Inhibitor),BindingAffinity,1.0,1.0,none,pAct=8.5 (excellent) | Investigational (no regulatory boost) | PubChem bioassay active → +0.05 | 3+ data sources → +0.05 consensus bonus
INVEST_002,GS-6207 (Capsid Inhibitor),Toxicity,0.8,0.6,high_MW_tox_risk,MW=716 > 500 → +0.15 tox risk | logP=3.6 > 3.5 → +0.05
INVEST_002,GS-6207 (Capsid Inhibitor),DrugLikeness,0.8525,0.85,ghose_violation,1 rule violations | MW=716 > 500
INVEST_002,GS-6207 (Capsid Inhibitor),ResistanceMutation,1.0,0.7,no_known_resistance,Novel target — no resistance mutations documented | Resistance profile unknown (watchlist for surveillance)
